Category,Item,Qty,Preferred specification,Purpose,Alternative,Unit price USD,Line total USD,Where to look,Notes
Control,ESP32-S3 dev board,1,"ESP32-S3-DevKitC-1, USB-C, N8R2 or N16R8",Main controller,"ESP32-S3-WROOM DevKit clone; ESP32-WROOM-32 (lose native USB)",9.00,9.00,https://www.google.com/search?q=ESP32-S3-DevKitC-1+N16R8,"N8R2 frees GPIO33-37. N16R8 has more PSRAM if you add a camera later."
Control,ESP32-C3 dev board,1,"ESP32-C3 SuperMini, USB-C",Remote controller,"ESP32-C3-DevKitM-1; any ESP32 board with 13 free GPIO",4.00,4.00,https://www.google.com/search?q=ESP32-C3+SuperMini,"Pin map in PINOUT.md assumes the SuperMini pinout."
Actuator,High-torque servo,1,"MG996R, metal gear, 9.4 kgf.cm @ 5V",Lid,"DS3218 (20 kgf.cm) for a heavier lid; DS3225",5.50,5.50,https://www.google.com/search?q=MG996R+servo,"See the torque budget in CAD_README.md before substituting. Do not fit an SG90."
Actuator,Micro servo metal gear,2,"MG90S, 2.2 kgf.cm",Eye pan and tilt,"SG90 (plastic gear, shorter life)",3.00,6.00,https://www.google.com/search?q=MG90S+servo,"Metal gear matters here - the eye moves constantly."
Actuator,Micro servo,2,"SG90, 1.8 kgf.cm",Finger and hatch,"MG90S for longer life",2.00,4.00,https://www.google.com/search?q=SG90+servo,"The finger only has to flip a switch. Low torque is fine and safer."
Sensor,Time-of-flight sensor,2,"VL53L0X breakout, I2C, XSHUT broken out",Throat detection and person detection,"VL53L1X (longer range); HC-SR04 (cheaper, worse)",4.50,9.00,https://www.google.com/search?q=VL53L0X+breakout+XSHUT,"XSHUT pin is REQUIRED - two sensors share address 0x29 at boot."
Sensor,IR break-beam pair,1,"3-pin IR obstacle module or a beam-break pair, 3.3V capable",Lid safety backup,"Second VL53L0X; omit (set USE_IR_THROAT 0)",2.50,2.50,https://www.google.com/search?q=IR+break+beam+sensor+3.3V,"Second independent channel for the hand-detect safety path."
Sensor,Microswitch SPDT,2,"Lever microswitch, 5A, with roller or lever",Lid open and closed limits,"Hall sensor + magnet (no contact wear)",0.60,1.20,https://www.google.com/search?q=SPDT+lever+microswitch,"Wire COM-GND and NC-GPIO so a broken wire fails safe."
UI,OLED display,2,"0.96in SSD1306 128x64 I2C",Bin face and remote status,"1.3in SH1106 (change the driver); ST7789 TFT",3.50,7.00,https://www.google.com/search?q=0.96+SSD1306+OLED+I2C,"One for the bin, one for the remote. Check the address (0x3C or 0x3D)."
UI,WS2812B LED strip,1,"12 pixels, 5V, 60/m cut to length",Lighting and mood,"WS2812B ring 12; any addressable 5V strip",3.00,3.00,https://www.google.com/search?q=WS2812B+strip+5V,"12 pixels at brightness 90 draws about 220 mA."
Audio,I2S amplifier,1,"MAX98357A breakout, 3.2W mono",Audio,"DFPlayer Mini + microSD (set AUDIO_BACKEND)",4.50,4.50,https://www.google.com/search?q=MAX98357A+I2S+amplifier,"I2S build streams WAV from LittleFS - no SD card needed."
Audio,Speaker,1,"4 ohm 3W, 40-50 mm",Audio,"8 ohm 2W (quieter)",2.50,2.50,https://www.google.com/search?q=4+ohm+3W+speaker+40mm,"Never ground either terminal - the amp output is bridge-tied."
Control input,Latching pushbutton,1,"19 mm illuminated latching, 1NO1NC + LED",NORMAL MODE switch,"12 mm toggle switch; any latching switch the finger can reach",4.00,4.00,https://www.google.com/search?q=19mm+illuminated+latching+pushbutton,"Must LATCH - a momentary button gives the finger nothing to turn off."
Control input,Arcade button 16 mm,7,"16 mm momentary, screw mount",Remote D-pad OPEN CLOSE,"12 mm tactile with printed caps",0.90,6.30,https://www.google.com/search?q=16mm+arcade+button+momentary,""
Control input,Tactile switch 12 mm,8,"12x12 mm tactile with cap",Remote aux ladder,"6 mm tactile",0.25,2.00,https://www.google.com/search?q=12mm+tactile+switch+cap,""
Control input,Micro tactile switch,1,"6 mm tactile",Hidden demo trigger,"Reed switch + magnet (fully concealed)",0.20,0.20,https://www.google.com/search?q=6mm+tactile+switch,"Mount where the operator's hand naturally rests. See HACKATHON_DEMO.md."
Power,PSU 5V 5A,1,"5V 5A 25W, barrel jack or screw terminal, CE/UL marked",Main supply,"5V 4A (tighter); 12V 5A + buck to 5V",11.00,11.00,https://www.google.com/search?q=5V+5A+power+supply+25W,"Buy a marked supply from a real vendor. This one plugs into the wall."
Power,Buck converter,1,"LM2596 or MP1584, 3A, adjustable",Logic rail if you feed 12V,"Not needed on a 5V-only build",1.50,1.50,https://www.google.com/search?q=LM2596+buck+converter,"Only required if your main supply is 12V."
Power,Master switch,1,"DPST rocker, 10A, panel mount",Cuts actuator power,"SPST 10A rocker",1.50,1.50,https://www.google.com/search?q=DPST+rocker+switch+10A,"Must break the servo rail, not the logic rail."
Power,Fuse holder + fuse,1,"Panel blade fuse holder + 5A blade fuse",Overcurrent protection,"Polyfuse 4A hold",1.20,1.20,https://www.google.com/search?q=panel+mount+blade+fuse+holder,""
Power,P-channel MOSFET,1,"IRF4905 or AO3401 (low current), TO-220 or SOT-23",Servo rail soft cutoff,"Automotive relay 5V 10A",0.80,0.80,https://www.google.com/search?q=IRF4905+P+channel+MOSFET,"With a 2N7002 N-FET as the level shifter. Circuit in WIRING.md."
Power,N-channel MOSFET small signal,2,"2N7000 or 2N7002",P-FET gate driver and lamp driver,"BS170",0.20,0.40,https://www.google.com/search?q=2N7000+MOSFET,""
Power,Electrolytic capacitor,1,"1000 uF 10V low-ESR",Servo rail bulk,"2x 470 uF in parallel",0.50,0.50,https://www.google.com/search?q=1000uF+10V+low+ESR+capacitor,"The single most important part for avoiding brownout resets."
Power,Electrolytic capacitor,2,"470 uF 10V",LED rail and audio rail,"220 uF",0.30,0.60,https://www.google.com/search?q=470uF+10V+capacitor,""
Power,Ceramic capacitor,10,"100 nF 50V",Local decoupling,"-",0.05,0.50,https://www.google.com/search?q=100nF+ceramic+capacitor,""
Passive,Resistor kit,1,"1/4W assortment incl. 330R 1k 2.2k 4.7k 10k 22k 47k 100k",LED data and remote ladder,"Individual values",3.00,3.00,https://www.google.com/search?q=1/4W+resistor+assortment+kit,"The remote ladder needs one each of 1k 2.2k 4.7k 10k 22k 47k 100k."
Interconnect,Terminal blocks,4,"5.08 mm screw terminal, 2-3 way, PCB mount",Power distribution,"WAGO 221 lever nuts",0.50,2.00,https://www.google.com/search?q=5.08mm+PCB+screw+terminal,""
Interconnect,JST-XH connector kit,1,"2/3/4-pin with crimps and shells",Module connections,"Dupont with locking shells",8.00,8.00,https://www.google.com/search?q=JST+XH+connector+kit+crimp,"Locking shells - vibration walks bare Dupont off headers."
Interconnect,Silicone hookup wire,1,"22 AWG and 18 AWG, assorted colours",Wiring,"PVC hookup wire",9.00,9.00,https://www.google.com/search?q=silicone+hookup+wire+22AWG+kit,"18-20 AWG for the servo rail, 22-26 AWG for signals."
Interconnect,Heat-shrink assortment,1,"2:1, 1.5-10 mm",Insulation,"Electrical tape (worse)",4.00,4.00,https://www.google.com/search?q=heat+shrink+tubing+assortment,""
Interconnect,Perfboard,1,"70x90 mm double-sided",Power distribution and breakout,"Custom PCB; solderable breadboard",1.50,1.50,https://www.google.com/search?q=70x90+perfboard+double+sided,""
Mechanical,Heat-set inserts M3,50,"M3 x 5.0 mm brass, knurled",Serviceable joints,"M3 nuts in captive pockets",0.12,6.00,https://www.google.com/search?q=M3+heat+set+insert+5mm+brass,"Needs a soldering iron with an insert tip - about 10 dollars extra."
Mechanical,Socket cap screws M3,1,"Assortment M3 x 6/8/10/12/16 mm",Assembly,"Any M3 screws",8.00,8.00,https://www.google.com/search?q=M3+socket+cap+screw+assortment,""
Mechanical,Steel rod 4 mm,1,"4 mm x 200 mm ground rod, or a cut M4 screw",Hinge pin,"M4 bolt with the thread turned down",1.50,1.50,https://www.google.com/search?q=4mm+steel+rod+200mm,""
Mechanical,Shoulder screws M3,2,"M3 x 8 mm shoulder, 4 mm shoulder dia",Linkage pivots,"M3 screw + washer + nyloc",0.80,1.60,https://www.google.com/search?q=M3+shoulder+screw+8mm,"A shoulder screw gives a proper bearing surface for the linkage."
Filament,PETG filament,1,"1 kg, structural parts",Body brackets tray finger,"ABS/ASA if you have an enclosure",22.00,22.00,https://www.google.com/search?q=PETG+filament+1kg,"PETG for anything that carries load or sees heat."
Filament,PLA filament,1,"1 kg, cosmetic parts",Panels lid skin remote shell,"PETG throughout",18.00,18.00,https://www.google.com/search?q=PLA+filament+1kg,"Cheaper and crisper for cosmetic surfaces."
Filament,TPU filament,1,"0.5 kg, 95A",Feet bumpers finger tip,"Rubber feet bought in",14.00,14.00,https://www.google.com/search?q=TPU+95A+filament+500g,"The soft finger tip and the lid stop pads come from here."
Optional,Camera module,1,"OV2640 for ESP32-S3, 24-pin",Optional face and object tracking,"Omit - the project must work without it",6.00,0.00,https://www.google.com/search?q=OV2640+ESP32-S3+camera,"NOT in the base build. See README section on optional features."
Optional,Acrylic dome 26 mm,1,"Clear half-dome or watch glass",Eye lens,"Print eye_lens in clear PETG",1.50,0.00,https://www.google.com/search?q=26mm+clear+acrylic+dome,"Printed lens works; a real dome looks better."
Optional,Li-ion cell + holder,1,"18650 2000 mAh + holder, or a small USB power bank",Remote power,"USB power bank in the battery bay",6.00,0.00,https://www.google.com/search?q=18650+holder+battery,"A power bank is simpler and has no charging circuit to get wrong."
